[
    {
        "id": "1",
        "image": "src/assets/images/eventos/evento.jpg",
        "title": "Evento 1",
        "description": "",
        "fecha": "2019-07-25",
        "direccion": "conce",
        "hora": "",
        "dia": "18",
        "mes": "Julio",
        "link": ""
    },
    {
        "id": "2",
        "image": "src/assets/images/eventos/evento.jpg",
        "title": "Evento 2",
        "description": "",
        "fecha": "2019-07-26",
        "direccion": "Valparaiso",
        "hora": "",
        "dia": "18",
        "mes": "Julio",
        "link": ""
    },
    {
        "id": "3",
        "image": "src/assets/images/eventos/evento.jpg",
        "title": "Evento 3",
        "description": "",
        "fecha": "2019-07-27",
        "direccion": "Santiago",
        "hora": "",
        "dia": "18",
        "mes": "Julio",
        "link": ""
    },
    {
        "id": "4",
        "image": "src/assets/images/eventos/evento.jpg",
        "title": "Evento 4",
        "description": "",
        "fecha": "2019-07-28",
        "direccion": "Santiago",
        "hora": "",
        "dia": "18",
        "mes": "Julio",
        "link": ""
    },
    {
        "id": "5",
        "image": "src/assets/images/eventos/evento.jpg",
        "title": "Evento 5",
        "description": "",
        "fecha": "2019-07-29",
        "direccion": "Santiago",
        "hora": "",
        "dia": "18",
        "mes": "Julio",
        "link": ""
    },
    {
        "id": "6",
        "image": "src/assets/images/eventos/evento.jpg",
        "title": "Evento 6",
        "description": "",
        "fecha": "2019-07-30",
        "direccion": "Santiago",
        "hora": "",
        "dia": "18",
        "mes": "Julio",
        "link": ""
    }
]